,season,conference,division,team name
0,1970,NFC,NFC East,DAL
1,1970,NFC,NFC East,NYG
2,1970,NFC,NFC East,ARI
3,1970,NFC,NFC East,WSH
4,1970,NFC,NFC East,PHI
5,1970,NFC,NFC Central,MIN
6,1970,NFC,NFC Central,DET
7,1970,NFC,NFC Central,GB
8,1970,NFC,NFC Central,CHI
9,1970,NFC,NFC West,SF
10,1970,NFC,NFC West,LAR
11,1970,NFC,NFC West,ATL
12,1970,NFC,NFC West,NO
13,1970,AFC,AFC East,IND
14,1970,AFC,AFC East,MIA
15,1970,AFC,AFC East,NYJ
16,1970,AFC,AFC East,BUF
17,1970,AFC,AFC East,NE
18,1970,AFC,AFC Central,CIN
19,1970,AFC,AFC Central,CLE
20,1970,AFC,AFC Central,PIT
21,1970,AFC,AFC Central,TEN
22,1970,AFC,AFC West,OAK
23,1970,AFC,AFC West,KC
24,1970,AFC,AFC West,LAC
25,1970,AFC,AFC West,DEN
26,1971,NFC,NFC East,DAL
27,1971,NFC,NFC East,WSH
28,1971,NFC,NFC East,PHI
29,1971,NFC,NFC East,ARI
30,1971,NFC,NFC East,NYG
31,1971,NFC,NFC Central,MIN
32,1971,NFC,NFC Central,DET
33,1971,NFC,NFC Central,CHI
34,1971,NFC,NFC Central,GB
35,1971,NFC,NFC West,SF
36,1971,NFC,NFC West,LAR
37,1971,NFC,NFC West,ATL
38,1971,NFC,NFC West,NO
39,1971,AFC,AFC East,MIA
40,1971,AFC,AFC East,IND
41,1971,AFC,AFC East,NE
42,1971,AFC,AFC East,NYJ
43,1971,AFC,AFC East,BUF
44,1971,AFC,AFC Central,CLE
45,1971,AFC,AFC Central,PIT
46,1971,AFC,AFC Central,TEN
47,1971,AFC,AFC Central,CIN
48,1971,AFC,AFC West,KC
49,1971,AFC,AFC West,OAK
50,1971,AFC,AFC West,LAC
51,1971,AFC,AFC West,DEN
52,1972,NFC,NFC East,WSH
53,1972,NFC,NFC East,DAL
54,1972,NFC,NFC East,NYG
55,1972,NFC,NFC East,ARI
56,1972,NFC,NFC East,PHI
57,1972,NFC,NFC Central,GB
58,1972,NFC,NFC Central,DET
59,1972,NFC,NFC Central,MIN
60,1972,NFC,NFC Central,CHI
61,1972,NFC,NFC West,SF
62,1972,NFC,NFC West,ATL
63,1972,NFC,NFC West,LAR
64,1972,NFC,NFC West,NO
65,1972,AFC,AFC East,MIA
66,1972,AFC,AFC East,NYJ
67,1972,AFC,AFC East,IND
68,1972,AFC,AFC East,BUF
69,1972,AFC,AFC East,NE
70,1972,AFC,AFC Central,PIT
71,1972,AFC,AFC Central,CLE
72,1972,AFC,AFC Central,CIN
73,1972,AFC,AFC Central,TEN
74,1972,AFC,AFC West,OAK
75,1972,AFC,AFC West,KC
76,1972,AFC,AFC West,DEN
77,1972,AFC,AFC West,LAC
78,1973,NFC,NFC East,DAL
79,1973,NFC,NFC East,WSH
80,1973,NFC,NFC East,PHI
81,1973,NFC,NFC East,ARI
82,1973,NFC,NFC East,NYG
83,1973,NFC,NFC Central,MIN
84,1973,NFC,NFC Central,DET
85,1973,NFC,NFC Central,GB
86,1973,NFC,NFC Central,CHI
87,1973,NFC,NFC West,LAR
88,1973,NFC,NFC West,ATL
89,1973,NFC,NFC West,SF
90,1973,NFC,NFC West,NO
91,1973,AFC,AFC East,MIA
92,1973,AFC,AFC East,BUF
93,1973,AFC,AFC East,NE
94,1973,AFC,AFC East,NYJ
95,1973,AFC,AFC East,IND
96,1973,AFC,AFC Central,CIN
97,1973,AFC,AFC Central,PIT
98,1973,AFC,AFC Central,CLE
99,1973,AFC,AFC Central,TEN
100,1973,AFC,AFC West,OAK
101,1973,AFC,AFC West,KC
102,1973,AFC,AFC West,DEN
103,1973,AFC,AFC West,LAC
104,1974,NFC,NFC East,ARI
105,1974,NFC,NFC East,WSH
106,1974,NFC,NFC East,DAL
107,1974,NFC,NFC East,PHI
108,1974,NFC,NFC East,NYG
109,1974,NFC,NFC Central,MIN
110,1974,NFC,NFC Central,DET
111,1974,NFC,NFC Central,GB
112,1974,NFC,NFC Central,CHI
113,1974,NFC,NFC West,LAR
114,1974,NFC,NFC West,SF
115,1974,NFC,NFC West,NO
116,1974,NFC,NFC West,ATL
117,1974,AFC,AFC East,MIA
118,1974,AFC,AFC East,BUF
119,1974,AFC,AFC East,NE
120,1974,AFC,AFC East,NYJ
121,1974,AFC,AFC East,IND
122,1974,AFC,AFC Central,PIT
123,1974,AFC,AFC Central,TEN
124,1974,AFC,AFC Central,CIN
125,1974,AFC,AFC Central,CLE
126,1974,AFC,AFC West,OAK
127,1974,AFC,AFC West,DEN
128,1974,AFC,AFC West,KC
129,1974,AFC,AFC West,LAC
130,1975,NFC,NFC East,ARI
131,1975,NFC,NFC East,DAL
132,1975,NFC,NFC East,WSH
133,1975,NFC,NFC East,NYG
134,1975,NFC,NFC East,PHI
135,1975,NFC,NFC Central,MIN
136,1975,NFC,NFC Central,DET
137,1975,NFC,NFC Central,CHI
138,1975,NFC,NFC Central,GB
139,1975,NFC,NFC West,LAR
140,1975,NFC,NFC West,SF
141,1975,NFC,NFC West,ATL
142,1975,NFC,NFC West,NO
143,1975,AFC,AFC East,IND
144,1975,AFC,AFC East,MIA
145,1975,AFC,AFC East,BUF
146,1975,AFC,AFC East,NYJ
147,1975,AFC,AFC East,NE
148,1975,AFC,AFC Central,PIT
149,1975,AFC,AFC Central,CIN
150,1975,AFC,AFC Central,TEN
151,1975,AFC,AFC Central,CLE
152,1975,AFC,AFC West,OAK
153,1975,AFC,AFC West,DEN
154,1975,AFC,AFC West,KC
155,1975,AFC,AFC West,LAC
156,1976,NFC,NFC East,DAL
157,1976,NFC,NFC East,WSH
158,1976,NFC,NFC East,ARI
159,1976,NFC,NFC East,PHI
160,1976,NFC,NFC East,NYG
161,1976,NFC,NFC Central,MIN
162,1976,NFC,NFC Central,CHI
163,1976,NFC,NFC Central,DET
164,1976,NFC,NFC Central,GB
165,1976,NFC,NFC West,LAR
166,1976,NFC,NFC West,SF
167,1976,NFC,NFC West,ATL
168,1976,NFC,NFC West,NO
169,1976,NFC,NFC West,SEA
170,1976,AFC,AFC East,IND
171,1976,AFC,AFC East,NE
172,1976,AFC,AFC East,MIA
173,1976,AFC,AFC East,NYJ
174,1976,AFC,AFC East,BUF
175,1976,AFC,AFC Central,PIT
176,1976,AFC,AFC Central,CIN
177,1976,AFC,AFC Central,CLE
178,1976,AFC,AFC Central,TEN
179,1976,AFC,AFC West,OAK
180,1976,AFC,AFC West,DEN
181,1976,AFC,AFC West,LAC
182,1976,AFC,AFC West,KC
183,1976,AFC,AFC West,TB
184,1977,NFC,NFC East,DAL
185,1977,NFC,NFC East,WSH
186,1977,NFC,NFC East,ARI
187,1977,NFC,NFC East,PHI
188,1977,NFC,NFC East,NYG
189,1977,NFC,NFC Central,MIN
190,1977,NFC,NFC Central,CHI
191,1977,NFC,NFC Central,DET
192,1977,NFC,NFC Central,GB
193,1977,NFC,NFC Central,TB
194,1977,NFC,NFC West,LAR
195,1977,NFC,NFC West,ATL
196,1977,NFC,NFC West,SF
197,1977,NFC,NFC West,NO
198,1977,AFC,AFC East,IND
199,1977,AFC,AFC East,MIA
200,1977,AFC,AFC East,NE
201,1977,AFC,AFC East,BUF
202,1977,AFC,AFC East,NYJ
203,1977,AFC,AFC Central,PIT
204,1977,AFC,AFC Central,CIN
205,1977,AFC,AFC Central,TEN
206,1977,AFC,AFC Central,CLE
207,1977,AFC,AFC West,DEN
208,1977,AFC,AFC West,OAK
209,1977,AFC,AFC West,LAC
210,1977,AFC,AFC West,SEA
211,1977,AFC,AFC West,KC
212,1978,NFC,NFC East,DAL
213,1978,NFC,NFC East,PHI
214,1978,NFC,NFC East,WSH
215,1978,NFC,NFC East,ARI
216,1978,NFC,NFC East,NYG
217,1978,NFC,NFC Central,MIN
218,1978,NFC,NFC Central,GB
219,1978,NFC,NFC Central,DET
220,1978,NFC,NFC Central,CHI
221,1978,NFC,NFC Central,TB
222,1978,NFC,NFC West,LAR
223,1978,NFC,NFC West,ATL
224,1978,NFC,NFC West,NO
225,1978,NFC,NFC West,SF
226,1978,AFC,AFC East,NE
227,1978,AFC,AFC East,MIA
228,1978,AFC,AFC East,NYJ
229,1978,AFC,AFC East,BUF
230,1978,AFC,AFC East,IND
231,1978,AFC,AFC Central,PIT
232,1978,AFC,AFC Central,TEN
233,1978,AFC,AFC Central,CLE
234,1978,AFC,AFC Central,CIN
235,1978,AFC,AFC West,DEN
236,1978,AFC,AFC West,OAK
237,1978,AFC,AFC West,SEA
238,1978,AFC,AFC West,LAC
239,1978,AFC,AFC West,KC
240,1979,NFC,NFC East,DAL
241,1979,NFC,NFC East,PHI
242,1979,NFC,NFC East,WSH
243,1979,NFC,NFC East,NYG
244,1979,NFC,NFC East,ARI
245,1979,NFC,NFC Central,TB
246,1979,NFC,NFC Central,CHI
247,1979,NFC,NFC Central,MIN
248,1979,NFC,NFC Central,GB
249,1979,NFC,NFC Central,DET
250,1979,NFC,NFC West,LAR
251,1979,NFC,NFC West,NO
252,1979,NFC,NFC West,ATL
253,1979,NFC,NFC West,SF
254,1979,AFC,AFC East,MIA
255,1979,AFC,AFC East,NE
256,1979,AFC,AFC East,NYJ
257,1979,AFC,AFC East,BUF
258,1979,AFC,AFC East,IND
259,1979,AFC,AFC Central,PIT
260,1979,AFC,AFC Central,TEN
261,1979,AFC,AFC Central,CLE
262,1979,AFC,AFC Central,CIN
263,1979,AFC,AFC West,LAC
264,1979,AFC,AFC West,DEN
265,1979,AFC,AFC West,SEA
266,1979,AFC,AFC West,OAK
267,1979,AFC,AFC West,KC
268,1980,NFC,NFC East,PHI
269,1980,NFC,NFC East,DAL
270,1980,NFC,NFC East,WSH
271,1980,NFC,NFC East,ARI
272,1980,NFC,NFC East,NYG
273,1980,NFC,NFC Central,MIN
274,1980,NFC,NFC Central,DET
275,1980,NFC,NFC Central,CHI
276,1980,NFC,NFC Central,TB
277,1980,NFC,NFC Central,GB
278,1980,NFC,NFC West,ATL
279,1980,NFC,NFC West,LAR
280,1980,NFC,NFC West,SF
281,1980,NFC,NFC West,NO
282,1980,AFC,AFC East,BUF
283,1980,AFC,AFC East,NE
284,1980,AFC,AFC East,MIA
285,1980,AFC,AFC East,IND
286,1980,AFC,AFC East,NYJ
287,1980,AFC,AFC Central,CLE
288,1980,AFC,AFC Central,TEN
289,1980,AFC,AFC Central,PIT
290,1980,AFC,AFC Central,CIN
291,1980,AFC,AFC West,LAC
292,1980,AFC,AFC West,OAK
293,1980,AFC,AFC West,KC
294,1980,AFC,AFC West,DEN
295,1980,AFC,AFC West,SEA
296,1981,NFC,NFC East,DAL
297,1981,NFC,NFC East,PHI
298,1981,NFC,NFC East,NYG
299,1981,NFC,NFC East,WSH
300,1981,NFC,NFC East,ARI
301,1981,NFC,NFC Central,TB
302,1981,NFC,NFC Central,DET
303,1981,NFC,NFC Central,GB
304,1981,NFC,NFC Central,MIN
305,1981,NFC,NFC Central,CHI
306,1981,NFC,NFC West,SF
307,1981,NFC,NFC West,ATL
308,1981,NFC,NFC West,LAR
309,1981,NFC,NFC West,NO
310,1981,AFC,AFC East,MIA
311,1981,AFC,AFC East,NYJ
312,1981,AFC,AFC East,BUF
313,1981,AFC,AFC East,IND
314,1981,AFC,AFC East,NE
315,1981,AFC,AFC Central,CIN
316,1981,AFC,AFC Central,PIT
317,1981,AFC,AFC Central,TEN
318,1981,AFC,AFC Central,CLE
319,1981,AFC,AFC West,LAC
320,1981,AFC,AFC West,DEN
321,1981,AFC,AFC West,KC
322,1981,AFC,AFC West,OAK
323,1981,AFC,AFC West,SEA
324,1982,NFC,NFC East,WSH
325,1982,NFC,NFC East,DAL
326,1982,NFC,NFC East,ARI
327,1982,NFC,NFC East,NYG
328,1982,NFC,NFC East,PHI
329,1982,NFC,NFC Central,GB
330,1982,NFC,NFC Central,MIN
331,1982,NFC,NFC Central,TB
332,1982,NFC,NFC Central,DET
333,1982,NFC,NFC Central,CHI
334,1982,NFC,NFC West,ATL
335,1982,NFC,NFC West,NO
336,1982,NFC,NFC West,SF
337,1982,NFC,NFC West,LAR
338,1982,AFC,AFC East,MIA
339,1982,AFC,AFC East,NYJ
340,1982,AFC,AFC East,NE
341,1982,AFC,AFC East,BUF
342,1982,AFC,AFC East,IND
343,1982,AFC,AFC Central,CIN
344,1982,AFC,AFC Central,PIT
345,1982,AFC,AFC Central,CLE
346,1982,AFC,AFC Central,TEN
347,1982,AFC,AFC West,OAK
348,1982,AFC,AFC West,LAC
349,1982,AFC,AFC West,SEA
350,1982,AFC,AFC West,KC
351,1982,AFC,AFC West,DEN
352,1983,NFC,NFC East,WSH
353,1983,NFC,NFC East,DAL
354,1983,NFC,NFC East,ARI
355,1983,NFC,NFC East,PHI
356,1983,NFC,NFC East,NYG
357,1983,NFC,NFC Central,DET
358,1983,NFC,NFC Central,GB
359,1983,NFC,NFC Central,CHI
360,1983,NFC,NFC Central,MIN
361,1983,NFC,NFC Central,TB
362,1983,NFC,NFC West,SF
363,1983,NFC,NFC West,LAR
364,1983,NFC,NFC West,NO
365,1983,NFC,NFC West,ATL
366,1983,AFC,AFC East,MIA
367,1983,AFC,AFC East,NE
368,1983,AFC,AFC East,BUF
369,1983,AFC,AFC East,IND
370,1983,AFC,AFC East,NYJ
371,1983,AFC,AFC Central,PIT
372,1983,AFC,AFC Central,CLE
373,1983,AFC,AFC Central,CIN
374,1983,AFC,AFC Central,TEN
375,1983,AFC,AFC West,OAK
376,1983,AFC,AFC West,SEA
377,1983,AFC,AFC West,DEN
378,1983,AFC,AFC West,LAC
379,1983,AFC,AFC West,KC
380,1984,NFC,NFC East,WSH
381,1984,NFC,NFC East,NYG
382,1984,NFC,NFC East,ARI
383,1984,NFC,NFC East,DAL
384,1984,NFC,NFC East,PHI
385,1984,NFC,NFC Central,CHI
386,1984,NFC,NFC Central,GB
387,1984,NFC,NFC Central,TB
388,1984,NFC,NFC Central,DET
389,1984,NFC,NFC Central,MIN
390,1984,NFC,NFC West,SF
391,1984,NFC,NFC West,LAR
392,1984,NFC,NFC West,NO
393,1984,NFC,NFC West,ATL
394,1984,AFC,AFC East,MIA
395,1984,AFC,AFC East,NE
396,1984,AFC,AFC East,NYJ
397,1984,AFC,AFC East,IND
398,1984,AFC,AFC East,BUF
399,1984,AFC,AFC Central,PIT
400,1984,AFC,AFC Central,CIN
401,1984,AFC,AFC Central,CLE
402,1984,AFC,AFC Central,TEN
403,1984,AFC,AFC West,DEN
404,1984,AFC,AFC West,SEA
405,1984,AFC,AFC West,OAK
406,1984,AFC,AFC West,KC
407,1984,AFC,AFC West,LAC
408,1985,NFC,NFC East,DAL
409,1985,NFC,NFC East,NYG
410,1985,NFC,NFC East,WSH
411,1985,NFC,NFC East,PHI
412,1985,NFC,NFC East,ARI
413,1985,NFC,NFC Central,CHI
414,1985,NFC,NFC Central,GB
415,1985,NFC,NFC Central,MIN
416,1985,NFC,NFC Central,DET
417,1985,NFC,NFC Central,TB
418,1985,NFC,NFC West,LAR
419,1985,NFC,NFC West,SF
420,1985,NFC,NFC West,NO
421,1985,NFC,NFC West,ATL
422,1985,AFC,AFC East,MIA
423,1985,AFC,AFC East,NYJ
424,1985,AFC,AFC East,NE
425,1985,AFC,AFC East,IND
426,1985,AFC,AFC East,BUF
427,1985,AFC,AFC Central,CLE
428,1985,AFC,AFC Central,CIN
429,1985,AFC,AFC Central,PIT
430,1985,AFC,AFC Central,TEN
431,1985,AFC,AFC West,OAK
432,1985,AFC,AFC West,DEN
433,1985,AFC,AFC West,SEA
434,1985,AFC,AFC West,LAC
435,1985,AFC,AFC West,KC
436,1986,NFC,NFC East,NYG
437,1986,NFC,NFC East,WSH
438,1986,NFC,NFC East,DAL
439,1986,NFC,NFC East,PHI
440,1986,NFC,NFC East,ARI
441,1986,NFC,NFC Central,CHI
442,1986,NFC,NFC Central,MIN
443,1986,NFC,NFC Central,DET
444,1986,NFC,NFC Central,GB
445,1986,NFC,NFC Central,TB
446,1986,NFC,NFC West,SF
447,1986,NFC,NFC West,LAR
448,1986,NFC,NFC West,ATL
449,1986,NFC,NFC West,NO
450,1986,AFC,AFC East,NE
451,1986,AFC,AFC East,NYJ
452,1986,AFC,AFC East,MIA
453,1986,AFC,AFC East,BUF
454,1986,AFC,AFC East,IND
455,1986,AFC,AFC Central,CLE
456,1986,AFC,AFC Central,CIN
457,1986,AFC,AFC Central,PIT
458,1986,AFC,AFC Central,TEN
459,1986,AFC,AFC West,DEN
460,1986,AFC,AFC West,KC
461,1986,AFC,AFC West,SEA
462,1986,AFC,AFC West,OAK
463,1986,AFC,AFC West,LAC
464,1987,NFC,NFC East,WSH
465,1987,NFC,NFC East,DAL
466,1987,NFC,NFC East,ARI
467,1987,NFC,NFC East,PHI
468,1987,NFC,NFC East,NYG
469,1987,NFC,NFC Central,CHI
470,1987,NFC,NFC Central,MIN
471,1987,NFC,NFC Central,GB
472,1987,NFC,NFC Central,TB
473,1987,NFC,NFC Central,DET
474,1987,NFC,NFC West,SF
475,1987,NFC,NFC West,NO
476,1987,NFC,NFC West,LAR
477,1987,NFC,NFC West,ATL
478,1987,AFC,AFC East,IND
479,1987,AFC,AFC East,NE
480,1987,AFC,AFC East,MIA
481,1987,AFC,AFC East,BUF
482,1987,AFC,AFC East,NYJ
483,1987,AFC,AFC Central,CLE
484,1987,AFC,AFC Central,TEN
485,1987,AFC,AFC Central,PIT
486,1987,AFC,AFC Central,CIN
487,1987,AFC,AFC West,DEN
488,1987,AFC,AFC West,SEA
489,1987,AFC,AFC West,LAC
490,1987,AFC,AFC West,OAK
491,1987,AFC,AFC West,KC
492,1988,NFC,NFC East,PHI
493,1988,NFC,NFC East,NYG
494,1988,NFC,NFC East,WSH
495,1988,NFC,NFC East,ARI
496,1988,NFC,NFC East,DAL
497,1988,NFC,NFC Central,CHI
498,1988,NFC,NFC Central,MIN
499,1988,NFC,NFC Central,TB
500,1988,NFC,NFC Central,DET
501,1988,NFC,NFC Central,GB
502,1988,NFC,NFC West,SF
503,1988,NFC,NFC West,LAR
504,1988,NFC,NFC West,NO
505,1988,NFC,NFC West,ATL
506,1988,AFC,AFC East,BUF
507,1988,AFC,AFC East,IND
508,1988,AFC,AFC East,NE
509,1988,AFC,AFC East,NYJ
510,1988,AFC,AFC East,MIA
511,1988,AFC,AFC Central,CIN
512,1988,AFC,AFC Central,CLE
513,1988,AFC,AFC Central,TEN
514,1988,AFC,AFC Central,PIT
515,1988,AFC,AFC West,SEA
516,1988,AFC,AFC West,DEN
517,1988,AFC,AFC West,OAK
518,1988,AFC,AFC West,LAC
519,1988,AFC,AFC West,KC
520,1989,NFC,NFC East,NYG
521,1989,NFC,NFC East,PHI
522,1989,NFC,NFC East,WSH
523,1989,NFC,NFC East,ARI
524,1989,NFC,NFC East,DAL
525,1989,NFC,NFC Central,MIN
526,1989,NFC,NFC Central,GB
527,1989,NFC,NFC Central,DET
528,1989,NFC,NFC Central,CHI
529,1989,NFC,NFC Central,TB
530,1989,NFC,NFC West,SF
531,1989,NFC,NFC West,LAR
532,1989,NFC,NFC West,NO
533,1989,NFC,NFC West,ATL
534,1989,AFC,AFC East,BUF
535,1989,AFC,AFC East,IND
536,1989,AFC,AFC East,MIA
537,1989,AFC,AFC East,NE
538,1989,AFC,AFC East,NYJ
539,1989,AFC,AFC Central,CLE
540,1989,AFC,AFC Central,TEN
541,1989,AFC,AFC Central,PIT
542,1989,AFC,AFC Central,CIN
543,1989,AFC,AFC West,DEN
544,1989,AFC,AFC West,KC
545,1989,AFC,AFC West,OAK
546,1989,AFC,AFC West,SEA
547,1989,AFC,AFC West,LAC
548,1990,NFC,NFC East,NYG
549,1990,NFC,NFC East,PHI
550,1990,NFC,NFC East,WSH
551,1990,NFC,NFC East,DAL
552,1990,NFC,NFC East,ARI
553,1990,NFC,NFC Central,CHI
554,1990,NFC,NFC Central,TB
555,1990,NFC,NFC Central,DET
556,1990,NFC,NFC Central,GB
557,1990,NFC,NFC Central,MIN
558,1990,NFC,NFC West,SF
559,1990,NFC,NFC West,NO
560,1990,NFC,NFC West,LAR
561,1990,NFC,NFC West,ATL
562,1990,AFC,AFC East,BUF
563,1990,AFC,AFC East,MIA
564,1990,AFC,AFC East,IND
565,1990,AFC,AFC East,NYJ
566,1990,AFC,AFC East,NE
567,1990,AFC,AFC Central,CIN
568,1990,AFC,AFC Central,TEN
569,1990,AFC,AFC Central,PIT
570,1990,AFC,AFC Central,CLE
571,1990,AFC,AFC West,OAK
572,1990,AFC,AFC West,KC
573,1990,AFC,AFC West,SEA
574,1990,AFC,AFC West,LAC
575,1990,AFC,AFC West,DEN
576,1991,NFC,NFC East,WSH
577,1991,NFC,NFC East,DAL
578,1991,NFC,NFC East,PHI
579,1991,NFC,NFC East,NYG
580,1991,NFC,NFC East,ARI
581,1991,NFC,NFC Central,DET
582,1991,NFC,NFC Central,CHI
583,1991,NFC,NFC Central,MIN
584,1991,NFC,NFC Central,GB
585,1991,NFC,NFC Central,TB
586,1991,NFC,NFC West,NO
587,1991,NFC,NFC West,ATL
588,1991,NFC,NFC West,SF
589,1991,NFC,NFC West,LAR
590,1991,AFC,AFC East,BUF
591,1991,AFC,AFC East,NYJ
592,1991,AFC,AFC East,MIA
593,1991,AFC,AFC East,NE
594,1991,AFC,AFC East,IND
595,1991,AFC,AFC Central,TEN
596,1991,AFC,AFC Central,PIT
597,1991,AFC,AFC Central,CLE
598,1991,AFC,AFC Central,CIN
599,1991,AFC,AFC West,DEN
600,1991,AFC,AFC West,KC
601,1991,AFC,AFC West,OAK
602,1991,AFC,AFC West,SEA
603,1991,AFC,AFC West,LAC
604,1992,NFC,NFC East,DAL
605,1992,NFC,NFC East,PHI
606,1992,NFC,NFC East,WSH
607,1992,NFC,NFC East,NYG
608,1992,NFC,NFC East,ARI
609,1992,NFC,NFC Central,MIN
610,1992,NFC,NFC Central,GB
611,1992,NFC,NFC Central,TB
612,1992,NFC,NFC Central,CHI
613,1992,NFC,NFC Central,DET
614,1992,NFC,NFC West,SF
615,1992,NFC,NFC West,NO
616,1992,NFC,NFC West,ATL
617,1992,NFC,NFC West,LAR
618,1992,AFC,AFC East,MIA
619,1992,AFC,AFC East,BUF
620,1992,AFC,AFC East,IND
621,1992,AFC,AFC East,NYJ
622,1992,AFC,AFC East,NE
623,1992,AFC,AFC Central,PIT
624,1992,AFC,AFC Central,TEN
625,1992,AFC,AFC Central,CLE
626,1992,AFC,AFC Central,CIN
627,1992,AFC,AFC West,LAC
628,1992,AFC,AFC West,KC
629,1992,AFC,AFC West,DEN
630,1992,AFC,AFC West,OAK
631,1992,AFC,AFC West,SEA
632,1993,NFC,NFC East,DAL
633,1993,NFC,NFC East,NYG
634,1993,NFC,NFC East,PHI
635,1993,NFC,NFC East,ARI
636,1993,NFC,NFC East,WSH
637,1993,NFC,NFC Central,DET
638,1993,NFC,NFC Central,MIN
639,1993,NFC,NFC Central,GB
640,1993,NFC,NFC Central,CHI
641,1993,NFC,NFC Central,TB
642,1993,NFC,NFC West,SF
643,1993,NFC,NFC West,NO
644,1993,NFC,NFC West,ATL
645,1993,NFC,NFC West,LAR
646,1993,AFC,AFC East,BUF
647,1993,AFC,AFC East,MIA
648,1993,AFC,AFC East,NYJ
649,1993,AFC,AFC East,NE
650,1993,AFC,AFC East,IND
651,1993,AFC,AFC Central,TEN
652,1993,AFC,AFC Central,PIT
653,1993,AFC,AFC Central,CLE
654,1993,AFC,AFC Central,CIN
655,1993,AFC,AFC West,KC
656,1993,AFC,AFC West,OAK
657,1993,AFC,AFC West,DEN
658,1993,AFC,AFC West,LAC
659,1993,AFC,AFC West,SEA
660,1994,NFC,NFC East,DAL
661,1994,NFC,NFC East,NYG
662,1994,NFC,NFC East,ARI
663,1994,NFC,NFC East,PHI
664,1994,NFC,NFC East,WSH
665,1994,NFC,NFC Central,MIN
666,1994,NFC,NFC Central,GB
667,1994,NFC,NFC Central,DET
668,1994,NFC,NFC Central,CHI
669,1994,NFC,NFC Central,TB
670,1994,NFC,NFC West,SF
671,1994,NFC,NFC West,NO
672,1994,NFC,NFC West,ATL
673,1994,NFC,NFC West,LAR
674,1994,AFC,AFC East,MIA
675,1994,AFC,AFC East,NE
676,1994,AFC,AFC East,IND
677,1994,AFC,AFC East,BUF
678,1994,AFC,AFC East,NYJ
679,1994,AFC,AFC Central,PIT
680,1994,AFC,AFC Central,CLE
681,1994,AFC,AFC Central,CIN
682,1994,AFC,AFC Central,TEN
683,1994,AFC,AFC West,LAC
684,1994,AFC,AFC West,KC
685,1994,AFC,AFC West,OAK
686,1994,AFC,AFC West,DEN
687,1994,AFC,AFC West,SEA
688,1995,NFC,NFC East,DAL
689,1995,NFC,NFC East,PHI
690,1995,NFC,NFC East,WSH
691,1995,NFC,NFC East,NYG
692,1995,NFC,NFC East,ARI
693,1995,NFC,NFC Central,GB
694,1995,NFC,NFC Central,DET
695,1995,NFC,NFC Central,CHI
696,1995,NFC,NFC Central,MIN
697,1995,NFC,NFC Central,TB
698,1995,NFC,NFC West,SF
699,1995,NFC,NFC West,ATL
700,1995,NFC,NFC West,LAR
701,1995,NFC,NFC West,CAR
702,1995,NFC,NFC West,NO
703,1995,AFC,AFC East,BUF
704,1995,AFC,AFC East,IND
705,1995,AFC,AFC East,MIA
706,1995,AFC,AFC East,NE
707,1995,AFC,AFC East,NYJ
708,1995,AFC,AFC Central,PIT
709,1995,AFC,AFC Central,CIN
710,1995,AFC,AFC Central,TEN
711,1995,AFC,AFC Central,CLE
712,1995,AFC,AFC Central,JAX
713,1995,AFC,AFC West,KC
714,1995,AFC,AFC West,LAC
715,1995,AFC,AFC West,SEA
716,1995,AFC,AFC West,DEN
717,1995,AFC,AFC West,OAK
718,1996,NFC,NFC East,DAL
719,1996,NFC,NFC East,PHI
720,1996,NFC,NFC East,WSH
721,1996,NFC,NFC East,ARI
722,1996,NFC,NFC East,NYG
723,1996,NFC,NFC Central,GB
724,1996,NFC,NFC Central,MIN
725,1996,NFC,NFC Central,CHI
726,1996,NFC,NFC Central,TB
727,1996,NFC,NFC Central,DET
728,1996,NFC,NFC West,CAR
729,1996,NFC,NFC West,SF
730,1996,NFC,NFC West,LAR
731,1996,NFC,NFC West,ATL
732,1996,NFC,NFC West,NO
733,1996,AFC,AFC East,NE
734,1996,AFC,AFC East,BUF
735,1996,AFC,AFC East,IND
736,1996,AFC,AFC East,MIA
737,1996,AFC,AFC East,NYJ
738,1996,AFC,AFC Central,PIT
739,1996,AFC,AFC Central,JAX
740,1996,AFC,AFC Central,CIN
741,1996,AFC,AFC Central,TEN
742,1996,AFC,AFC Central,BAL
743,1996,AFC,AFC West,DEN
744,1996,AFC,AFC West,KC
745,1996,AFC,AFC West,LAC
746,1996,AFC,AFC West,OAK
747,1996,AFC,AFC West,SEA
748,1997,NFC,NFC East,NYG
749,1997,NFC,NFC East,WSH
750,1997,NFC,NFC East,PHI
751,1997,NFC,NFC East,DAL
752,1997,NFC,NFC East,ARI
753,1997,NFC,NFC Central,GB
754,1997,NFC,NFC Central,TB
755,1997,NFC,NFC Central,DET
756,1997,NFC,NFC Central,MIN
757,1997,NFC,NFC Central,CHI
758,1997,NFC,NFC West,SF
759,1997,NFC,NFC West,CAR
760,1997,NFC,NFC West,ATL
761,1997,NFC,NFC West,NO
762,1997,NFC,NFC West,LAR
763,1997,AFC,AFC East,NE
764,1997,AFC,AFC East,MIA
765,1997,AFC,AFC East,NYJ
766,1997,AFC,AFC East,BUF
767,1997,AFC,AFC East,IND
768,1997,AFC,AFC Central,PIT
769,1997,AFC,AFC Central,JAX
770,1997,AFC,AFC Central,TEN
771,1997,AFC,AFC Central,CIN
772,1997,AFC,AFC Central,BAL
773,1997,AFC,AFC West,KC
774,1997,AFC,AFC West,DEN
775,1997,AFC,AFC West,SEA
776,1997,AFC,AFC West,OAK
777,1997,AFC,AFC West,LAC
778,1998,NFC,NFC East,DAL
779,1998,NFC,NFC East,ARI
780,1998,NFC,NFC East,NYG
781,1998,NFC,NFC East,WSH
782,1998,NFC,NFC East,PHI
783,1998,NFC,NFC Central,MIN
784,1998,NFC,NFC Central,GB
785,1998,NFC,NFC Central,TB
786,1998,NFC,NFC Central,DET
787,1998,NFC,NFC Central,CHI
788,1998,NFC,NFC West,ATL
789,1998,NFC,NFC West,SF
790,1998,NFC,NFC West,NO
791,1998,NFC,NFC West,CAR
792,1998,NFC,NFC West,LAR
793,1998,AFC,AFC East,NYJ
794,1998,AFC,AFC East,MIA
795,1998,AFC,AFC East,BUF
796,1998,AFC,AFC East,NE
797,1998,AFC,AFC East,IND
798,1998,AFC,AFC Central,JAX
799,1998,AFC,AFC Central,TEN
800,1998,AFC,AFC Central,PIT
801,1998,AFC,AFC Central,BAL
802,1998,AFC,AFC Central,CIN
803,1998,AFC,AFC West,DEN
804,1998,AFC,AFC West,OAK
805,1998,AFC,AFC West,SEA
806,1998,AFC,AFC West,KC
807,1998,AFC,AFC West,LAC
808,1999,NFC,NFC East,WSH
809,1999,NFC,NFC East,DAL
810,1999,NFC,NFC East,NYG
811,1999,NFC,NFC East,ARI
812,1999,NFC,NFC East,PHI
813,1999,NFC,NFC Central,TB
814,1999,NFC,NFC Central,MIN
815,1999,NFC,NFC Central,DET
816,1999,NFC,NFC Central,GB
817,1999,NFC,NFC Central,CHI
818,1999,NFC,NFC West,LAR
819,1999,NFC,NFC West,CAR
820,1999,NFC,NFC West,ATL
821,1999,NFC,NFC West,SF
822,1999,NFC,NFC West,NO
823,1999,AFC,AFC East,IND
824,1999,AFC,AFC East,BUF
825,1999,AFC,AFC East,MIA
826,1999,AFC,AFC East,NYJ
827,1999,AFC,AFC East,NE
828,1999,AFC,AFC Central,JAX
829,1999,AFC,AFC Central,TEN
830,1999,AFC,AFC Central,BAL
831,1999,AFC,AFC Central,PIT
832,1999,AFC,AFC Central,CIN
833,1999,AFC,AFC Central,CLE
834,1999,AFC,AFC West,SEA
835,1999,AFC,AFC West,KC
836,1999,AFC,AFC West,LAC
837,1999,AFC,AFC West,OAK
838,1999,AFC,AFC West,DEN
839,2000,NFC,NFC East,NYG
840,2000,NFC,NFC East,PHI
841,2000,NFC,NFC East,WSH
842,2000,NFC,NFC East,DAL
843,2000,NFC,NFC East,ARI
844,2000,NFC,NFC Central,MIN
845,2000,NFC,NFC Central,TB
846,2000,NFC,NFC Central,GB
847,2000,NFC,NFC Central,DET
848,2000,NFC,NFC Central,CHI
849,2000,NFC,NFC West,NO
850,2000,NFC,NFC West,LAR
851,2000,NFC,NFC West,CAR
852,2000,NFC,NFC West,SF
853,2000,NFC,NFC West,ATL
854,2000,AFC,AFC East,MIA
855,2000,AFC,AFC East,IND
856,2000,AFC,AFC East,NYJ
857,2000,AFC,AFC East,BUF
858,2000,AFC,AFC East,NE
859,2000,AFC,AFC Central,TEN
860,2000,AFC,AFC Central,BAL
861,2000,AFC,AFC Central,PIT
862,2000,AFC,AFC Central,JAX
863,2000,AFC,AFC Central,CIN
864,2000,AFC,AFC Central,CLE
865,2000,AFC,AFC West,OAK
866,2000,AFC,AFC West,DEN
867,2000,AFC,AFC West,KC
868,2000,AFC,AFC West,SEA
869,2000,AFC,AFC West,LAC
870,2001,NFC,NFC East,PHI
871,2001,NFC,NFC East,WSH
872,2001,NFC,NFC East,NYG
873,2001,NFC,NFC East,ARI
874,2001,NFC,NFC East,DAL
875,2001,NFC,NFC Central,CHI
876,2001,NFC,NFC Central,GB
877,2001,NFC,NFC Central,TB
878,2001,NFC,NFC Central,MIN
879,2001,NFC,NFC Central,DET
880,2001,NFC,NFC West,LAR
881,2001,NFC,NFC West,SF
882,2001,NFC,NFC West,NO
883,2001,NFC,NFC West,ATL
884,2001,NFC,NFC West,CAR
885,2001,AFC,AFC East,NE
886,2001,AFC,AFC East,MIA
887,2001,AFC,AFC East,NYJ
888,2001,AFC,AFC East,IND
889,2001,AFC,AFC East,BUF
890,2001,AFC,AFC Central,PIT
891,2001,AFC,AFC Central,BAL
892,2001,AFC,AFC Central,CLE
893,2001,AFC,AFC Central,TEN
894,2001,AFC,AFC Central,JAX
895,2001,AFC,AFC Central,CIN
896,2001,AFC,AFC West,OAK
897,2001,AFC,AFC West,SEA
898,2001,AFC,AFC West,DEN
899,2001,AFC,AFC West,KC
900,2001,AFC,AFC West,LAC
901,2002,NFC,NFC East,PHI
902,2002,NFC,NFC East,NYG
903,2002,NFC,NFC East,WSH
904,2002,NFC,NFC East,DAL
905,2002,NFC,NFC North,GB
906,2002,NFC,NFC North,MIN
907,2002,NFC,NFC North,CHI
908,2002,NFC,NFC North,DET
909,2002,NFC,NFC South,TB
910,2002,NFC,NFC South,ATL
911,2002,NFC,NFC South,NO
912,2002,NFC,NFC South,CAR
913,2002,NFC,NFC West,SF
914,2002,NFC,NFC West,LAR
915,2002,NFC,NFC West,SEA
916,2002,NFC,NFC West,ARI
917,2002,AFC,AFC East,NYJ
918,2002,AFC,AFC East,NE
919,2002,AFC,AFC East,MIA
920,2002,AFC,AFC East,BUF
921,2002,AFC,AFC North,PIT
922,2002,AFC,AFC North,CLE
923,2002,AFC,AFC North,BAL
924,2002,AFC,AFC North,CIN
925,2002,AFC,AFC South,TEN
926,2002,AFC,AFC South,IND
927,2002,AFC,AFC South,JAX
928,2002,AFC,AFC South,HOU
929,2002,AFC,AFC West,OAK
930,2002,AFC,AFC West,DEN
931,2002,AFC,AFC West,LAC
932,2002,AFC,AFC West,KC
933,2003,NFC,NFC East,PHI
934,2003,NFC,NFC East,DAL
935,2003,NFC,NFC East,WSH
936,2003,NFC,NFC East,NYG
937,2003,NFC,NFC North,GB
938,2003,NFC,NFC North,MIN
939,2003,NFC,NFC North,CHI
940,2003,NFC,NFC North,DET
941,2003,NFC,NFC South,CAR
942,2003,NFC,NFC South,NO
943,2003,NFC,NFC South,TB
944,2003,NFC,NFC South,ATL
945,2003,NFC,NFC West,LAR
946,2003,NFC,NFC West,SEA
947,2003,NFC,NFC West,SF
948,2003,NFC,NFC West,ARI
949,2003,AFC,AFC East,NE
950,2003,AFC,AFC East,MIA
951,2003,AFC,AFC East,BUF
952,2003,AFC,AFC East,NYJ
953,2003,AFC,AFC North,BAL
954,2003,AFC,AFC North,CIN
955,2003,AFC,AFC North,PIT
956,2003,AFC,AFC North,CLE
957,2003,AFC,AFC South,IND
958,2003,AFC,AFC South,TEN
959,2003,AFC,AFC South,JAX
960,2003,AFC,AFC South,HOU
961,2003,AFC,AFC West,KC
962,2003,AFC,AFC West,DEN
963,2003,AFC,AFC West,OAK
964,2003,AFC,AFC West,LAC
965,2004,NFC,NFC East,PHI
966,2004,NFC,NFC East,NYG
967,2004,NFC,NFC East,DAL
968,2004,NFC,NFC East,WSH
969,2004,NFC,NFC North,GB
970,2004,NFC,NFC North,MIN
971,2004,NFC,NFC North,DET
972,2004,NFC,NFC North,CHI
973,2004,NFC,NFC South,ATL
974,2004,NFC,NFC South,NO
975,2004,NFC,NFC South,CAR
976,2004,NFC,NFC South,TB
977,2004,NFC,NFC West,SEA
978,2004,NFC,NFC West,LAR
979,2004,NFC,NFC West,ARI
980,2004,NFC,NFC West,SF
981,2004,AFC,AFC East,NE
982,2004,AFC,AFC East,NYJ
983,2004,AFC,AFC East,BUF
984,2004,AFC,AFC East,MIA
985,2004,AFC,AFC North,PIT
986,2004,AFC,AFC North,BAL
987,2004,AFC,AFC North,CIN
988,2004,AFC,AFC North,CLE
989,2004,AFC,AFC South,IND
990,2004,AFC,AFC South,JAX
991,2004,AFC,AFC South,HOU
992,2004,AFC,AFC South,TEN
993,2004,AFC,AFC West,LAC
994,2004,AFC,AFC West,DEN
995,2004,AFC,AFC West,KC
996,2004,AFC,AFC West,OAK
997,2005,NFC,NFC East,NYG
998,2005,NFC,NFC East,WSH
999,2005,NFC,NFC East,DAL
1000,2005,NFC,NFC East,PHI
1001,2005,NFC,NFC North,CHI
1002,2005,NFC,NFC North,MIN
1003,2005,NFC,NFC North,DET
1004,2005,NFC,NFC North,GB
1005,2005,NFC,NFC South,TB
1006,2005,NFC,NFC South,CAR
1007,2005,NFC,NFC South,ATL
1008,2005,NFC,NFC South,NO
1009,2005,NFC,NFC West,SEA
1010,2005,NFC,NFC West,LAR
1011,2005,NFC,NFC West,ARI
1012,2005,NFC,NFC West,SF
1013,2005,AFC,AFC East,NE
1014,2005,AFC,AFC East,MIA
1015,2005,AFC,AFC East,BUF
1016,2005,AFC,AFC East,NYJ
1017,2005,AFC,AFC North,CIN
1018,2005,AFC,AFC North,PIT
1019,2005,AFC,AFC North,BAL
1020,2005,AFC,AFC North,CLE
1021,2005,AFC,AFC South,IND
1022,2005,AFC,AFC South,JAX
1023,2005,AFC,AFC South,TEN
1024,2005,AFC,AFC South,HOU
1025,2005,AFC,AFC West,DEN
1026,2005,AFC,AFC West,KC
1027,2005,AFC,AFC West,LAC
1028,2005,AFC,AFC West,OAK
1029,2006,NFC,NFC East,PHI
1030,2006,NFC,NFC East,DAL
1031,2006,NFC,NFC East,NYG
1032,2006,NFC,NFC East,WSH
1033,2006,NFC,NFC North,CHI
1034,2006,NFC,NFC North,GB
1035,2006,NFC,NFC North,MIN
1036,2006,NFC,NFC North,DET
1037,2006,NFC,NFC South,NO
1038,2006,NFC,NFC South,CAR
1039,2006,NFC,NFC South,ATL
1040,2006,NFC,NFC South,TB
1041,2006,NFC,NFC West,SEA
1042,2006,NFC,NFC West,LAR
1043,2006,NFC,NFC West,SF
1044,2006,NFC,NFC West,ARI
1045,2006,AFC,AFC East,NE
1046,2006,AFC,AFC East,NYJ
1047,2006,AFC,AFC East,BUF
1048,2006,AFC,AFC East,MIA
1049,2006,AFC,AFC North,BAL
1050,2006,AFC,AFC North,CIN
1051,2006,AFC,AFC North,PIT
1052,2006,AFC,AFC North,CLE
1053,2006,AFC,AFC South,IND
1054,2006,AFC,AFC South,TEN
1055,2006,AFC,AFC South,JAX
1056,2006,AFC,AFC South,HOU
1057,2006,AFC,AFC West,LAC
1058,2006,AFC,AFC West,KC
1059,2006,AFC,AFC West,DEN
1060,2006,AFC,AFC West,OAK
1061,2007,NFC,NFC East,DAL
1062,2007,NFC,NFC East,NYG
1063,2007,NFC,NFC East,WSH
1064,2007,NFC,NFC East,PHI
1065,2007,NFC,NFC North,GB
1066,2007,NFC,NFC North,MIN
1067,2007,NFC,NFC North,DET
1068,2007,NFC,NFC North,CHI
1069,2007,NFC,NFC South,TB
1070,2007,NFC,NFC South,CAR
1071,2007,NFC,NFC South,NO
1072,2007,NFC,NFC South,ATL
1073,2007,NFC,NFC West,SEA
1074,2007,NFC,NFC West,ARI
1075,2007,NFC,NFC West,SF
1076,2007,NFC,NFC West,LAR
1077,2007,AFC,AFC East,NE
1078,2007,AFC,AFC East,BUF
1079,2007,AFC,AFC East,NYJ
1080,2007,AFC,AFC East,MIA
1081,2007,AFC,AFC North,PIT
1082,2007,AFC,AFC North,CLE
1083,2007,AFC,AFC North,CIN
1084,2007,AFC,AFC North,BAL
1085,2007,AFC,AFC South,IND
1086,2007,AFC,AFC South,JAX
1087,2007,AFC,AFC South,TEN
1088,2007,AFC,AFC South,HOU
1089,2007,AFC,AFC West,LAC
1090,2007,AFC,AFC West,DEN
1091,2007,AFC,AFC West,KC
1092,2007,AFC,AFC West,OAK
1093,2008,NFC,NFC East,NYG
1094,2008,NFC,NFC East,PHI
1095,2008,NFC,NFC East,DAL
1096,2008,NFC,NFC East,WSH
1097,2008,NFC,NFC North,MIN
1098,2008,NFC,NFC North,CHI
1099,2008,NFC,NFC North,GB
1100,2008,NFC,NFC North,DET
1101,2008,NFC,NFC South,CAR
1102,2008,NFC,NFC South,ATL
1103,2008,NFC,NFC South,TB
1104,2008,NFC,NFC South,NO
1105,2008,NFC,NFC West,ARI
1106,2008,NFC,NFC West,SF
1107,2008,NFC,NFC West,SEA
1108,2008,NFC,NFC West,LAR
1109,2008,AFC,AFC East,MIA
1110,2008,AFC,AFC East,NE
1111,2008,AFC,AFC East,NYJ
1112,2008,AFC,AFC East,BUF
1113,2008,AFC,AFC North,PIT
1114,2008,AFC,AFC North,BAL
1115,2008,AFC,AFC North,CIN
1116,2008,AFC,AFC North,CLE
1117,2008,AFC,AFC South,TEN
1118,2008,AFC,AFC South,IND
1119,2008,AFC,AFC South,HOU
1120,2008,AFC,AFC South,JAX
1121,2008,AFC,AFC West,LAC
1122,2008,AFC,AFC West,DEN
1123,2008,AFC,AFC West,OAK
1124,2008,AFC,AFC West,KC
1125,2009,NFC,NFC East,DAL
1126,2009,NFC,NFC East,PHI
1127,2009,NFC,NFC East,NYG
1128,2009,NFC,NFC East,WSH
1129,2009,NFC,NFC North,MIN
1130,2009,NFC,NFC North,GB
1131,2009,NFC,NFC North,CHI
1132,2009,NFC,NFC North,DET
1133,2009,NFC,NFC South,NO
1134,2009,NFC,NFC South,ATL
1135,2009,NFC,NFC South,CAR
1136,2009,NFC,NFC South,TB
1137,2009,NFC,NFC West,ARI
1138,2009,NFC,NFC West,SF
1139,2009,NFC,NFC West,SEA
1140,2009,NFC,NFC West,LAR
1141,2009,AFC,AFC East,NE
1142,2009,AFC,AFC East,NYJ
1143,2009,AFC,AFC East,MIA
1144,2009,AFC,AFC East,BUF
1145,2009,AFC,AFC North,CIN
1146,2009,AFC,AFC North,BAL
1147,2009,AFC,AFC North,PIT
1148,2009,AFC,AFC North,CLE
1149,2009,AFC,AFC South,IND
1150,2009,AFC,AFC South,HOU
1151,2009,AFC,AFC South,TEN
1152,2009,AFC,AFC South,JAX
1153,2009,AFC,AFC West,LAC
1154,2009,AFC,AFC West,DEN
1155,2009,AFC,AFC West,OAK
1156,2009,AFC,AFC West,KC
1157,2010,NFC,NFC East,PHI
1158,2010,NFC,NFC East,NYG
1159,2010,NFC,NFC East,DAL
1160,2010,NFC,NFC East,WSH
1161,2010,NFC,NFC North,CHI
1162,2010,NFC,NFC North,GB
1163,2010,NFC,NFC North,DET
1164,2010,NFC,NFC North,MIN
1165,2010,NFC,NFC South,ATL
1166,2010,NFC,NFC South,NO
1167,2010,NFC,NFC South,TB
1168,2010,NFC,NFC South,CAR
1169,2010,NFC,NFC West,SEA
1170,2010,NFC,NFC West,LAR
1171,2010,NFC,NFC West,SF
1172,2010,NFC,NFC West,ARI
1173,2010,AFC,AFC East,NE
1174,2010,AFC,AFC East,NYJ
1175,2010,AFC,AFC East,MIA
1176,2010,AFC,AFC East,BUF
1177,2010,AFC,AFC North,PIT
1178,2010,AFC,AFC North,BAL
1179,2010,AFC,AFC North,CLE
1180,2010,AFC,AFC North,CIN
1181,2010,AFC,AFC South,IND
1182,2010,AFC,AFC South,JAX
1183,2010,AFC,AFC South,HOU
1184,2010,AFC,AFC South,TEN
1185,2010,AFC,AFC West,KC
1186,2010,AFC,AFC West,LAC
1187,2010,AFC,AFC West,OAK
1188,2010,AFC,AFC West,DEN
1189,2011,NFC,NFC East,NYG
1190,2011,NFC,NFC East,PHI
1191,2011,NFC,NFC East,DAL
1192,2011,NFC,NFC East,WSH
1193,2011,NFC,NFC North,GB
1194,2011,NFC,NFC North,DET
1195,2011,NFC,NFC North,CHI
1196,2011,NFC,NFC North,MIN
1197,2011,NFC,NFC South,NO
1198,2011,NFC,NFC South,ATL
1199,2011,NFC,NFC South,CAR
1200,2011,NFC,NFC South,TB
1201,2011,NFC,NFC West,SF
1202,2011,NFC,NFC West,ARI
1203,2011,NFC,NFC West,SEA
1204,2011,NFC,NFC West,LAR
1205,2011,AFC,AFC East,NE
1206,2011,AFC,AFC East,NYJ
1207,2011,AFC,AFC East,MIA
1208,2011,AFC,AFC East,BUF
1209,2011,AFC,AFC North,BAL
1210,2011,AFC,AFC North,PIT
1211,2011,AFC,AFC North,CIN
1212,2011,AFC,AFC North,CLE
1213,2011,AFC,AFC South,HOU
1214,2011,AFC,AFC South,TEN
1215,2011,AFC,AFC South,JAX
1216,2011,AFC,AFC South,IND
1217,2011,AFC,AFC West,DEN
1218,2011,AFC,AFC West,LAC
1219,2011,AFC,AFC West,OAK
1220,2011,AFC,AFC West,KC
1221,2012,NFC,NFC East,WSH
1222,2012,NFC,NFC East,NYG
1223,2012,NFC,NFC East,DAL
1224,2012,NFC,NFC East,PHI
1225,2012,NFC,NFC North,GB
1226,2012,NFC,NFC North,MIN
1227,2012,NFC,NFC North,CHI
1228,2012,NFC,NFC North,DET
1229,2012,NFC,NFC South,ATL
1230,2012,NFC,NFC South,CAR
1231,2012,NFC,NFC South,NO
1232,2012,NFC,NFC South,TB
1233,2012,NFC,NFC West,SF
1234,2012,NFC,NFC West,SEA
1235,2012,NFC,NFC West,LAR
1236,2012,NFC,NFC West,ARI
1237,2012,AFC,AFC East,NE
1238,2012,AFC,AFC East,MIA
1239,2012,AFC,AFC East,NYJ
1240,2012,AFC,AFC East,BUF
1241,2012,AFC,AFC North,BAL
1242,2012,AFC,AFC North,CIN
1243,2012,AFC,AFC North,PIT
1244,2012,AFC,AFC North,CLE
1245,2012,AFC,AFC South,HOU
1246,2012,AFC,AFC South,IND
1247,2012,AFC,AFC South,TEN
1248,2012,AFC,AFC South,JAX
1249,2012,AFC,AFC West,DEN
1250,2012,AFC,AFC West,LAC
1251,2012,AFC,AFC West,OAK
1252,2012,AFC,AFC West,KC
1253,2013,NFC,NFC East,PHI
1254,2013,NFC,NFC East,DAL
1255,2013,NFC,NFC East,NYG
1256,2013,NFC,NFC East,WSH
1257,2013,NFC,NFC North,GB
1258,2013,NFC,NFC North,CHI
1259,2013,NFC,NFC North,DET
1260,2013,NFC,NFC North,MIN
1261,2013,NFC,NFC South,CAR
1262,2013,NFC,NFC South,NO
1263,2013,NFC,NFC South,ATL
1264,2013,NFC,NFC South,TB
1265,2013,NFC,NFC West,SEA
1266,2013,NFC,NFC West,SF
1267,2013,NFC,NFC West,ARI
1268,2013,NFC,NFC West,LAR
1269,2013,AFC,AFC East,NE
1270,2013,AFC,AFC East,NYJ
1271,2013,AFC,AFC East,MIA
1272,2013,AFC,AFC East,BUF
1273,2013,AFC,AFC North,CIN
1274,2013,AFC,AFC North,PIT
1275,2013,AFC,AFC North,BAL
1276,2013,AFC,AFC North,CLE
1277,2013,AFC,AFC South,IND
1278,2013,AFC,AFC South,TEN
1279,2013,AFC,AFC South,JAX
1280,2013,AFC,AFC South,HOU
1281,2013,AFC,AFC West,DEN
1282,2013,AFC,AFC West,KC
1283,2013,AFC,AFC West,LAC
1284,2013,AFC,AFC West,OAK
1285,2014,NFC,NFC East,DAL
1286,2014,NFC,NFC East,PHI
1287,2014,NFC,NFC East,NYG
1288,2014,NFC,NFC East,WSH
1289,2014,NFC,NFC North,GB
1290,2014,NFC,NFC North,DET
1291,2014,NFC,NFC North,MIN
1292,2014,NFC,NFC North,CHI
1293,2014,NFC,NFC South,CAR
1294,2014,NFC,NFC South,NO
1295,2014,NFC,NFC South,ATL
1296,2014,NFC,NFC South,TB
1297,2014,NFC,NFC West,SEA
1298,2014,NFC,NFC West,ARI
1299,2014,NFC,NFC West,SF
1300,2014,NFC,NFC West,LAR
1301,2014,AFC,AFC East,NE
1302,2014,AFC,AFC East,BUF
1303,2014,AFC,AFC East,MIA
1304,2014,AFC,AFC East,NYJ
1305,2014,AFC,AFC North,PIT
1306,2014,AFC,AFC North,CIN
1307,2014,AFC,AFC North,BAL
1308,2014,AFC,AFC North,CLE
1309,2014,AFC,AFC South,IND
1310,2014,AFC,AFC South,HOU
1311,2014,AFC,AFC South,JAX
1312,2014,AFC,AFC South,TEN
1313,2014,AFC,AFC West,DEN
1314,2014,AFC,AFC West,KC
1315,2014,AFC,AFC West,LAC
1316,2014,AFC,AFC West,OAK
1317,2015,NFC,NFC East,WSH
1318,2015,NFC,NFC East,PHI
1319,2015,NFC,NFC East,NYG
1320,2015,NFC,NFC East,DAL
1321,2015,NFC,NFC North,MIN
1322,2015,NFC,NFC North,GB
1323,2015,NFC,NFC North,DET
1324,2015,NFC,NFC North,CHI
1325,2015,NFC,NFC South,CAR
1326,2015,NFC,NFC South,ATL
1327,2015,NFC,NFC South,NO
1328,2015,NFC,NFC South,TB
1329,2015,NFC,NFC West,ARI
1330,2015,NFC,NFC West,SEA
1331,2015,NFC,NFC West,LAR
1332,2015,NFC,NFC West,SF
1333,2015,AFC,AFC East,NE
1334,2015,AFC,AFC East,NYJ
1335,2015,AFC,AFC East,BUF
1336,2015,AFC,AFC East,MIA
1337,2015,AFC,AFC North,CIN
1338,2015,AFC,AFC North,PIT
1339,2015,AFC,AFC North,BAL
1340,2015,AFC,AFC North,CLE
1341,2015,AFC,AFC South,HOU
1342,2015,AFC,AFC South,IND
1343,2015,AFC,AFC South,JAX
1344,2015,AFC,AFC South,TEN
1345,2015,AFC,AFC West,DEN
1346,2015,AFC,AFC West,KC
1347,2015,AFC,AFC West,OAK
1348,2015,AFC,AFC West,LAC
1349,2016,NFC,NFC East,DAL
1350,2016,NFC,NFC East,NYG
1351,2016,NFC,NFC East,WSH
1352,2016,NFC,NFC East,PHI
1353,2016,NFC,NFC North,GB
1354,2016,NFC,NFC North,DET
1355,2016,NFC,NFC North,MIN
1356,2016,NFC,NFC North,CHI
1357,2016,NFC,NFC South,ATL
1358,2016,NFC,NFC South,TB
1359,2016,NFC,NFC South,NO
1360,2016,NFC,NFC South,CAR
1361,2016,NFC,NFC West,SEA
1362,2016,NFC,NFC West,ARI
1363,2016,NFC,NFC West,LAR
1364,2016,NFC,NFC West,SF
1365,2016,AFC,AFC East,NE
1366,2016,AFC,AFC East,MIA
1367,2016,AFC,AFC East,BUF
1368,2016,AFC,AFC East,NYJ
1369,2016,AFC,AFC North,PIT
1370,2016,AFC,AFC North,BAL
1371,2016,AFC,AFC North,CIN
1372,2016,AFC,AFC North,CLE
1373,2016,AFC,AFC South,HOU
1374,2016,AFC,AFC South,TEN
1375,2016,AFC,AFC South,IND
1376,2016,AFC,AFC South,JAX
1377,2016,AFC,AFC West,KC
1378,2016,AFC,AFC West,OAK
1379,2016,AFC,AFC West,DEN
1380,2016,AFC,AFC West,LAC
1381,2017,NFC,NFC East,PHI
1382,2017,NFC,NFC East,DAL
1383,2017,NFC,NFC East,WSH
1384,2017,NFC,NFC East,NYG
1385,2017,NFC,NFC North,MIN
1386,2017,NFC,NFC North,DET
1387,2017,NFC,NFC North,GB
1388,2017,NFC,NFC North,CHI
1389,2017,NFC,NFC South,NO
1390,2017,NFC,NFC South,CAR
1391,2017,NFC,NFC South,ATL
1392,2017,NFC,NFC South,TB
1393,2017,NFC,NFC West,LAR
1394,2017,NFC,NFC West,SEA
1395,2017,NFC,NFC West,ARI
1396,2017,NFC,NFC West,SF
1397,2017,AFC,AFC East,NE
1398,2017,AFC,AFC East,BUF
1399,2017,AFC,AFC East,MIA
1400,2017,AFC,AFC East,NYJ
1401,2017,AFC,AFC North,PIT
1402,2017,AFC,AFC North,BAL
1403,2017,AFC,AFC North,CIN
1404,2017,AFC,AFC North,CLE
1405,2017,AFC,AFC South,JAX
1406,2017,AFC,AFC South,TEN
1407,2017,AFC,AFC South,IND
1408,2017,AFC,AFC South,HOU
1409,2017,AFC,AFC West,KC
1410,2017,AFC,AFC West,LAC
1411,2017,AFC,AFC West,OAK
1412,2017,AFC,AFC West,DEN
1413,2018,NFC,NFC East,DAL
1414,2018,NFC,NFC East,PHI
1415,2018,NFC,NFC East,WSH
1416,2018,NFC,NFC East,NYG
1417,2018,NFC,NFC North,CHI
1418,2018,NFC,NFC North,MIN
1419,2018,NFC,NFC North,GB
1420,2018,NFC,NFC North,DET
1421,2018,NFC,NFC South,NO
1422,2018,NFC,NFC South,ATL
1423,2018,NFC,NFC South,CAR
1424,2018,NFC,NFC South,TB
1425,2018,NFC,NFC West,LAR
1426,2018,NFC,NFC West,SEA
1427,2018,NFC,NFC West,SF
1428,2018,NFC,NFC West,ARI
1429,2018,AFC,AFC East,NE
1430,2018,AFC,AFC East,MIA
1431,2018,AFC,AFC East,BUF
1432,2018,AFC,AFC East,NYJ
1433,2018,AFC,AFC North,BAL
1434,2018,AFC,AFC North,PIT
1435,2018,AFC,AFC North,CLE
1436,2018,AFC,AFC North,CIN
1437,2018,AFC,AFC South,HOU
1438,2018,AFC,AFC South,IND
1439,2018,AFC,AFC South,TEN
1440,2018,AFC,AFC South,JAX
1441,2018,AFC,AFC West,KC
1442,2018,AFC,AFC West,LAC
1443,2018,AFC,AFC West,DEN
1444,2018,AFC,AFC West,OAK
1445,2019,NFC,NFC East,PHI
1446,2019,NFC,NFC East,DAL
1447,2019,NFC,NFC East,NYG
1448,2019,NFC,NFC East,WSH
1449,2019,NFC,NFC North,GB
1450,2019,NFC,NFC North,MIN
1451,2019,NFC,NFC North,CHI
1452,2019,NFC,NFC North,DET
1453,2019,NFC,NFC South,NO
1454,2019,NFC,NFC South,ATL
1455,2019,NFC,NFC South,TB
1456,2019,NFC,NFC South,CAR
1457,2019,NFC,NFC West,SF
1458,2019,NFC,NFC West,SEA
1459,2019,NFC,NFC West,LAR
1460,2019,NFC,NFC West,ARI
1461,2019,AFC,AFC East,NE
1462,2019,AFC,AFC East,BUF
1463,2019,AFC,AFC East,NYJ
1464,2019,AFC,AFC East,MIA
1465,2019,AFC,AFC North,BAL
1466,2019,AFC,AFC North,PIT
1467,2019,AFC,AFC North,CLE
1468,2019,AFC,AFC North,CIN
1469,2019,AFC,AFC South,HOU
1470,2019,AFC,AFC South,TEN
1471,2019,AFC,AFC South,IND
1472,2019,AFC,AFC South,JAX
1473,2019,AFC,AFC West,KC
1474,2019,AFC,AFC West,DEN
1475,2019,AFC,AFC West,OAK
1476,2019,AFC,AFC West,LAC
1477,2020,NFC,NFC East,WSH
1478,2020,NFC,NFC East,NYG
1479,2020,NFC,NFC East,DAL
1480,2020,NFC,NFC East,PHI
1481,2020,NFC,NFC North,GB
1482,2020,NFC,NFC North,CHI
1483,2020,NFC,NFC North,MIN
1484,2020,NFC,NFC North,DET
1485,2020,NFC,NFC South,NO
1486,2020,NFC,NFC South,TB
1487,2020,NFC,NFC South,CAR
1488,2020,NFC,NFC South,ATL
1489,2020,NFC,NFC West,SEA
1490,2020,NFC,NFC West,LAR
1491,2020,NFC,NFC West,ARI
1492,2020,NFC,NFC West,SF
1493,2020,AFC,AFC East,BUF
1494,2020,AFC,AFC East,MIA
1495,2020,AFC,AFC East,NE
1496,2020,AFC,AFC East,NYJ
1497,2020,AFC,AFC North,PIT
1498,2020,AFC,AFC North,BAL
1499,2020,AFC,AFC North,CLE
1500,2020,AFC,AFC North,CIN
1501,2020,AFC,AFC South,TEN
1502,2020,AFC,AFC South,IND
1503,2020,AFC,AFC South,HOU
1504,2020,AFC,AFC South,JAX
1505,2020,AFC,AFC West,KC
1506,2020,AFC,AFC West,OAK
1507,2020,AFC,AFC West,LAC
1508,2020,AFC,AFC West,DEN
1509,2021,NFC,NFC East,DAL
1510,2021,NFC,NFC East,PHI
1511,2021,NFC,NFC East,WSH
1512,2021,NFC,NFC East,NYG
1513,2021,NFC,NFC North,GB
1514,2021,NFC,NFC North,MIN
1515,2021,NFC,NFC North,CHI
1516,2021,NFC,NFC North,DET
1517,2021,NFC,NFC South,TB
1518,2021,NFC,NFC South,NO
1519,2021,NFC,NFC South,ATL
1520,2021,NFC,NFC South,CAR
1521,2021,NFC,NFC West,LAR
1522,2021,NFC,NFC West,ARI
1523,2021,NFC,NFC West,SF
1524,2021,NFC,NFC West,SEA
1525,2021,AFC,AFC East,BUF
1526,2021,AFC,AFC East,NE
1527,2021,AFC,AFC East,MIA
1528,2021,AFC,AFC East,NYJ
1529,2021,AFC,AFC North,CIN
1530,2021,AFC,AFC North,PIT
1531,2021,AFC,AFC North,CLE
1532,2021,AFC,AFC North,BAL
1533,2021,AFC,AFC South,TEN
1534,2021,AFC,AFC South,IND
1535,2021,AFC,AFC South,HOU
1536,2021,AFC,AFC South,JAX
1537,2021,AFC,AFC West,KC
1538,2021,AFC,AFC West,OAK
1539,2021,AFC,AFC West,LAC
1540,2021,AFC,AFC West,DEN
1541,2022,NFC,NFC East,PHI
1542,2022,NFC,NFC East,DAL
1543,2022,NFC,NFC East,NYG
1544,2022,NFC,NFC East,WSH
1545,2022,NFC,NFC North,MIN
1546,2022,NFC,NFC North,DET
1547,2022,NFC,NFC North,GB
1548,2022,NFC,NFC North,CHI
1549,2022,NFC,NFC South,TB
1550,2022,NFC,NFC South,CAR
1551,2022,NFC,NFC South,NO
1552,2022,NFC,NFC South,ATL
1553,2022,NFC,NFC West,SF
1554,2022,NFC,NFC West,SEA
1555,2022,NFC,NFC West,LAR
1556,2022,NFC,NFC West,ARI
1557,2022,AFC,AFC East,BUF
1558,2022,AFC,AFC East,MIA
1559,2022,AFC,AFC East,NE
1560,2022,AFC,AFC East,NYJ
1561,2022,AFC,AFC North,CIN
1562,2022,AFC,AFC North,BAL
1563,2022,AFC,AFC North,PIT
1564,2022,AFC,AFC North,CLE
1565,2022,AFC,AFC South,JAX
1566,2022,AFC,AFC South,TEN
1567,2022,AFC,AFC South,IND
1568,2022,AFC,AFC South,HOU
1569,2022,AFC,AFC West,KC
1570,2022,AFC,AFC West,LAC
1571,2022,AFC,AFC West,OAK
1572,2022,AFC,AFC West,DEN
